sra_id	library_name	fastq_1	fastq_2
ERR11178264	ERR11178264_Illumina_NovaSeq_6000_paired_end_sequencing	/mnt/scratch/users/2931382s/datasets/ERR11178264_Illumina_NovaSeq_6000_paired_end_sequencing_1.fastq.gz	/mnt/scratch/users/2931382s/datasets/ERR11178264_Illumina_NovaSeq_6000_paired_end_sequencing_2.fastq.gz
ERR11178265	ERR11178265_Illumina_NovaSeq_6000_paired_end_sequencing	/mnt/scratch/users/2931382s/datasets/ERR11178265_Illumina_NovaSeq_6000_paired_end_sequencing_1.fastq.gz	/mnt/scratch/users/2931382s/datasets/ERR11178265_Illumina_NovaSeq_6000_paired_end_sequencing_2.fastq.gz
ERR11178266	ERR11178266_Illumina_NovaSeq_6000_paired_end_sequencing	/mnt/scratch/users/2931382s/datasets/ERR11178266_Illumina_NovaSeq_6000_paired_end_sequencing_1.fastq.gz	/mnt/scratch/users/2931382s/datasets/ERR11178266_Illumina_NovaSeq_6000_paired_end_sequencing_2.fastq.gz
ERR11178267	ERR11178267_Illumina_NovaSeq_6000_paired_end_sequencing	/mnt/scratch/users/2931382s/datasets/ERR11178267_Illumina_NovaSeq_6000_paired_end_sequencing_1.fastq.gz	/mnt/scratch/users/2931382s/datasets/ERR11178267_Illumina_NovaSeq_6000_paired_end_sequencing_2.fastq.gz
ERR11178268	ERR11178268_Illumina_NovaSeq_6000_paired_end_sequencing	/mnt/scratch/users/2931382s/datasets/ERR11178268_Illumina_NovaSeq_6000_paired_end_sequencing_1.fastq.gz	/mnt/scratch/users/2931382s/datasets/ERR11178268_Illumina_NovaSeq_6000_paired_end_sequencing_2.fastq.gz
ERR11178269	ERR11178269_Illumina_NovaSeq_6000_paired_end_sequencing	/mnt/scratch/users/2931382s/datasets/ERR11178269_Illumina_NovaSeq_6000_paired_end_sequencing_1.fastq.gz	/mnt/scratch/users/2931382s/datasets/ERR11178269_Illumina_NovaSeq_6000_paired_end_sequencing_2.fastq.gz
ERR11178270	ERR11178270_Illumina_NovaSeq_6000_paired_end_sequencing	/mnt/scratch/users/2931382s/datasets/ERR11178270_Illumina_NovaSeq_6000_paired_end_sequencing_1.fastq.gz	/mnt/scratch/users/2931382s/datasets/ERR11178270_Illumina_NovaSeq_6000_paired_end_sequencing_2.fastq.gz
ERR11178271	ERR11178271_Illumina_NovaSeq_6000_paired_end_sequencing	/mnt/scratch/users/2931382s/datasets/ERR11178271_Illumina_NovaSeq_6000_paired_end_sequencing_1.fastq.gz	/mnt/scratch/users/2931382s/datasets/ERR11178271_Illumina_NovaSeq_6000_paired_end_sequencing_2.fastq.gz
ERR11178272	ERR11178272_Illumina_NovaSeq_6000_paired_end_sequencing	/mnt/scratch/users/2931382s/datasets/ERR11178272_Illumina_NovaSeq_6000_paired_end_sequencing_1.fastq.gz	/mnt/scratch/users/2931382s/datasets/ERR11178272_Illumina_NovaSeq_6000_paired_end_sequencing_2.fastq.gz
ERR11178273	ERR11178273_Illumina_NovaSeq_6000_paired_end_sequencing	/mnt/scratch/users/2931382s/datasets/ERR11178273_Illumina_NovaSeq_6000_paired_end_sequencing_1.fastq.gz	/mnt/scratch/users/2931382s/datasets/ERR11178273_Illumina_NovaSeq_6000_paired_end_sequencing_2.fastq.gz
ERR11178274	ERR11178274_Illumina_NovaSeq_6000_paired_end_sequencing	/mnt/scratch/users/2931382s/datasets/ERR11178274_Illumina_NovaSeq_6000_paired_end_sequencing_1.fastq.gz	/mnt/scratch/users/2931382s/datasets/ERR11178274_Illumina_NovaSeq_6000_paired_end_sequencing_2.fastq.gz
ERR11178275	ERR11178275_Illumina_NovaSeq_6000_paired_end_sequencing	/mnt/scratch/users/2931382s/datasets/ERR11178275_Illumina_NovaSeq_6000_paired_end_sequencing_1.fastq.gz	/mnt/scratch/users/2931382s/datasets/ERR11178275_Illumina_NovaSeq_6000_paired_end_sequencing_2.fastq.gz
ERR11178276	ERR11178276_Illumina_NovaSeq_6000_paired_end_sequencing	/mnt/scratch/users/2931382s/datasets/ERR11178276_Illumina_NovaSeq_6000_paired_end_sequencing_1.fastq.gz	/mnt/scratch/users/2931382s/datasets/ERR11178276_Illumina_NovaSeq_6000_paired_end_sequencing_2.fastq.gz
ERR11178277	ERR11178277_Illumina_NovaSeq_6000_paired_end_sequencing	/mnt/scratch/users/2931382s/datasets/ERR11178277_Illumina_NovaSeq_6000_paired_end_sequencing_1.fastq.gz	/mnt/scratch/users/2931382s/datasets/ERR11178277_Illumina_NovaSeq_6000_paired_end_sequencing_2.fastq.gz
ERR11178278	ERR11178278_Illumina_NovaSeq_6000_paired_end_sequencing	/mnt/scratch/users/2931382s/datasets/ERR11178278_Illumina_NovaSeq_6000_paired_end_sequencing_1.fastq.gz	/mnt/scratch/users/2931382s/datasets/ERR11178278_Illumina_NovaSeq_6000_paired_end_sequencing_2.fastq.gz
ERR11178279	ERR11178279_Illumina_NovaSeq_6000_paired_end_sequencing	/mnt/scratch/users/2931382s/datasets/ERR11178279_Illumina_NovaSeq_6000_paired_end_sequencing_1.fastq.gz	/mnt/scratch/users/2931382s/datasets/ERR11178279_Illumina_NovaSeq_6000_paired_end_sequencing_2.fastq.gz
ERR11178280	ERR11178280_Illumina_NovaSeq_6000_paired_end_sequencing	/mnt/scratch/users/2931382s/datasets/ERR11178280_Illumina_NovaSeq_6000_paired_end_sequencing_1.fastq.gz	/mnt/scratch/users/2931382s/datasets/ERR11178280_Illumina_NovaSeq_6000_paired_end_sequencing_2.fastq.gz
ERR11178281	ERR11178281_Illumina_NovaSeq_6000_paired_end_sequencing	/mnt/scratch/users/2931382s/datasets/ERR11178281_Illumina_NovaSeq_6000_paired_end_sequencing_1.fastq.gz	/mnt/scratch/users/2931382s/datasets/ERR11178281_Illumina_NovaSeq_6000_paired_end_sequencing_2.fastq.gz
ERR11178282	ERR11178282_Illumina_NovaSeq_6000_paired_end_sequencing	/mnt/scratch/users/2931382s/datasets/ERR11178282_Illumina_NovaSeq_6000_paired_end_sequencing_1.fastq.gz	/mnt/scratch/users/2931382s/datasets/ERR11178282_Illumina_NovaSeq_6000_paired_end_sequencing_2.fastq.gz
ERR11178283	ERR11178283_Illumina_NovaSeq_6000_paired_end_sequencing	/mnt/scratch/users/2931382s/datasets/ERR11178283_Illumina_NovaSeq_6000_paired_end_sequencing_1.fastq.gz	/mnt/scratch/users/2931382s/datasets/ERR11178283_Illumina_NovaSeq_6000_paired_end_sequencing_2.fastq.gz
ERR11178284	ERR11178284_Illumina_NovaSeq_6000_paired_end_sequencing	/mnt/scratch/users/2931382s/datasets/ERR11178284_Illumina_NovaSeq_6000_paired_end_sequencing_1.fastq.gz	/mnt/scratch/users/2931382s/datasets/ERR11178284_Illumina_NovaSeq_6000_paired_end_sequencing_2.fastq.gz
ERR11178285	ERR11178285_Illumina_NovaSeq_6000_paired_end_sequencing	/mnt/scratch/users/2931382s/datasets/ERR11178285_Illumina_NovaSeq_6000_paired_end_sequencing_1.fastq.gz	/mnt/scratch/users/2931382s/datasets/ERR11178285_Illumina_NovaSeq_6000_paired_end_sequencing_2.fastq.gz
ERR11178286	ERR11178286_Illumina_NovaSeq_6000_paired_end_sequencing	/mnt/scratch/users/2931382s/datasets/ERR11178286_Illumina_NovaSeq_6000_paired_end_sequencing_1.fastq.gz	/mnt/scratch/users/2931382s/datasets/ERR11178286_Illumina_NovaSeq_6000_paired_end_sequencing_2.fastq.gz
ERR11178287	ERR11178287_Illumina_NovaSeq_6000_paired_end_sequencing	/mnt/scratch/users/2931382s/datasets/ERR11178287_Illumina_NovaSeq_6000_paired_end_sequencing_1.fastq.gz	/mnt/scratch/users/2931382s/datasets/ERR11178287_Illumina_NovaSeq_6000_paired_end_sequencing_2.fastq.gz
ERR11178288	ERR11178288_Illumina_NovaSeq_6000_paired_end_sequencing	/mnt/scratch/users/2931382s/datasets/ERR11178288_Illumina_NovaSeq_6000_paired_end_sequencing_1.fastq.gz	/mnt/scratch/users/2931382s/datasets/ERR11178288_Illumina_NovaSeq_6000_paired_end_sequencing_2.fastq.gz
ERR11178289	ERR11178289_Illumina_NovaSeq_6000_paired_end_sequencing	/mnt/scratch/users/2931382s/datasets/ERR11178289_Illumina_NovaSeq_6000_paired_end_sequencing_1.fastq.gz	/mnt/scratch/users/2931382s/datasets/ERR11178289_Illumina_NovaSeq_6000_paired_end_sequencing_2.fastq.gz
ERR11178290	ERR11178290_Illumina_NovaSeq_6000_paired_end_sequencing	/mnt/scratch/users/2931382s/datasets/ERR11178290_Illumina_NovaSeq_6000_paired_end_sequencing_1.fastq.gz	/mnt/scratch/users/2931382s/datasets/ERR11178290_Illumina_NovaSeq_6000_paired_end_sequencing_2.fastq.gz
ERR11178291	ERR11178291_Illumina_NovaSeq_6000_paired_end_sequencing	/mnt/scratch/users/2931382s/datasets/ERR11178291_Illumina_NovaSeq_6000_paired_end_sequencing_1.fastq.gz	/mnt/scratch/users/2931382s/datasets/ERR11178291_Illumina_NovaSeq_6000_paired_end_sequencing_2.fastq.gz
ERR11178292	ERR11178292_Illumina_NovaSeq_6000_paired_end_sequencing	/mnt/scratch/users/2931382s/datasets/ERR11178292_Illumina_NovaSeq_6000_paired_end_sequencing_1.fastq.gz	/mnt/scratch/users/2931382s/datasets/ERR11178292_Illumina_NovaSeq_6000_paired_end_sequencing_2.fastq.gz
ERR11178293	ERR11178293_Illumina_NovaSeq_6000_paired_end_sequencing	/mnt/scratch/users/2931382s/datasets/ERR11178293_Illumina_NovaSeq_6000_paired_end_sequencing_1.fastq.gz	/mnt/scratch/users/2931382s/datasets/ERR11178293_Illumina_NovaSeq_6000_paired_end_sequencing_2.fastq.gz
ERR11178294	ERR11178294_Illumina_NovaSeq_6000_paired_end_sequencing	/mnt/scratch/users/2931382s/datasets/ERR11178294_Illumina_NovaSeq_6000_paired_end_sequencing_1.fastq.gz	/mnt/scratch/users/2931382s/datasets/ERR11178294_Illumina_NovaSeq_6000_paired_end_sequencing_2.fastq.gz
ERR11178295	ERR11178295_Illumina_NovaSeq_6000_paired_end_sequencing	/mnt/scratch/users/2931382s/datasets/ERR11178295_Illumina_NovaSeq_6000_paired_end_sequencing_1.fastq.gz	/mnt/scratch/users/2931382s/datasets/ERR11178295_Illumina_NovaSeq_6000_paired_end_sequencing_2.fastq.gz
ERR11178296	ERR11178296_Illumina_NovaSeq_6000_paired_end_sequencing	/mnt/scratch/users/2931382s/datasets/ERR11178296_Illumina_NovaSeq_6000_paired_end_sequencing_1.fastq.gz	/mnt/scratch/users/2931382s/datasets/ERR11178296_Illumina_NovaSeq_6000_paired_end_sequencing_2.fastq.gz
ERR11178297	ERR11178297_Illumina_NovaSeq_6000_paired_end_sequencing	/mnt/scratch/users/2931382s/datasets/ERR11178297_Illumina_NovaSeq_6000_paired_end_sequencing_1.fastq.gz	/mnt/scratch/users/2931382s/datasets/ERR11178297_Illumina_NovaSeq_6000_paired_end_sequencing_2.fastq.gz
ERR11178298	ERR11178298_Illumina_NovaSeq_6000_paired_end_sequencing	/mnt/scratch/users/2931382s/datasets/ERR11178298_Illumina_NovaSeq_6000_paired_end_sequencing_1.fastq.gz	/mnt/scratch/users/2931382s/datasets/ERR11178298_Illumina_NovaSeq_6000_paired_end_sequencing_2.fastq.gz
ERR11178299	ERR11178299_Illumina_NovaSeq_6000_paired_end_sequencing	/mnt/scratch/users/2931382s/datasets/ERR11178299_Illumina_NovaSeq_6000_paired_end_sequencing_1.fastq.gz	/mnt/scratch/users/2931382s/datasets/ERR11178299_Illumina_NovaSeq_6000_paired_end_sequencing_2.fastq.gz
ERR11178300	ERR11178300_Illumina_NovaSeq_6000_paired_end_sequencing	/mnt/scratch/users/2931382s/datasets/ERR11178300_Illumina_NovaSeq_6000_paired_end_sequencing_1.fastq.gz	/mnt/scratch/users/2931382s/datasets/ERR11178300_Illumina_NovaSeq_6000_paired_end_sequencing_2.fastq.gz
ERR11178301	ERR11178301_Illumina_NovaSeq_6000_paired_end_sequencing	/mnt/scratch/users/2931382s/datasets/ERR11178301_Illumina_NovaSeq_6000_paired_end_sequencing_1.fastq.gz	/mnt/scratch/users/2931382s/datasets/ERR11178301_Illumina_NovaSeq_6000_paired_end_sequencing_2.fastq.gz
ERR11178302	ERR11178302_Illumina_NovaSeq_6000_paired_end_sequencing	/mnt/scratch/users/2931382s/datasets/ERR11178302_Illumina_NovaSeq_6000_paired_end_sequencing_1.fastq.gz	/mnt/scratch/users/2931382s/datasets/ERR11178302_Illumina_NovaSeq_6000_paired_end_sequencing_2.fastq.gz
ERR11178303	ERR11178303_Illumina_NovaSeq_6000_paired_end_sequencing	/mnt/scratch/users/2931382s/datasets/ERR11178303_Illumina_NovaSeq_6000_paired_end_sequencing_1.fastq.gz	/mnt/scratch/users/2931382s/datasets/ERR11178303_Illumina_NovaSeq_6000_paired_end_sequencing_2.fastq.gz
ERR11178304	ERR11178304_Illumina_NovaSeq_6000_paired_end_sequencing	/mnt/scratch/users/2931382s/datasets/ERR11178304_Illumina_NovaSeq_6000_paired_end_sequencing_1.fastq.gz	/mnt/scratch/users/2931382s/datasets/ERR11178304_Illumina_NovaSeq_6000_paired_end_sequencing_2.fastq.gz
ERR11178305	ERR11178305_Illumina_NovaSeq_6000_paired_end_sequencing	/mnt/scratch/users/2931382s/datasets/ERR11178305_Illumina_NovaSeq_6000_paired_end_sequencing_1.fastq.gz	/mnt/scratch/users/2931382s/datasets/ERR11178305_Illumina_NovaSeq_6000_paired_end_sequencing_2.fastq.gz
ERR11178306	ERR11178306_Illumina_NovaSeq_6000_paired_end_sequencing	/mnt/scratch/users/2931382s/datasets/ERR11178306_Illumina_NovaSeq_6000_paired_end_sequencing_1.fastq.gz	/mnt/scratch/users/2931382s/datasets/ERR11178306_Illumina_NovaSeq_6000_paired_end_sequencing_2.fastq.gz
ERR11178307	ERR11178307_Illumina_NovaSeq_6000_paired_end_sequencing	/mnt/scratch/users/2931382s/datasets/ERR11178307_Illumina_NovaSeq_6000_paired_end_sequencing_1.fastq.gz	/mnt/scratch/users/2931382s/datasets/ERR11178307_Illumina_NovaSeq_6000_paired_end_sequencing_2.fastq.gz
ERR11178308	ERR11178308_Illumina_NovaSeq_6000_paired_end_sequencing	/mnt/scratch/users/2931382s/datasets/ERR11178308_Illumina_NovaSeq_6000_paired_end_sequencing_1.fastq.gz	/mnt/scratch/users/2931382s/datasets/ERR11178308_Illumina_NovaSeq_6000_paired_end_sequencing_2.fastq.gz
ERR11178309	ERR11178309_Illumina_NovaSeq_6000_paired_end_sequencing	/mnt/scratch/users/2931382s/datasets/ERR11178309_Illumina_NovaSeq_6000_paired_end_sequencing_1.fastq.gz	/mnt/scratch/users/2931382s/datasets/ERR11178309_Illumina_NovaSeq_6000_paired_end_sequencing_2.fastq.gz
ERR11178310	ERR11178310_Illumina_NovaSeq_6000_paired_end_sequencing	/mnt/scratch/users/2931382s/datasets/ERR11178310_Illumina_NovaSeq_6000_paired_end_sequencing_1.fastq.gz	/mnt/scratch/users/2931382s/datasets/ERR11178310_Illumina_NovaSeq_6000_paired_end_sequencing_2.fastq.gz
ERR11178311	ERR11178311_Illumina_NovaSeq_6000_paired_end_sequencing	/mnt/scratch/users/2931382s/datasets/ERR11178311_Illumina_NovaSeq_6000_paired_end_sequencing_1.fastq.gz	/mnt/scratch/users/2931382s/datasets/ERR11178311_Illumina_NovaSeq_6000_paired_end_sequencing_2.fastq.gz
ERR11178312	ERR11178312_Illumina_NovaSeq_6000_paired_end_sequencing	/mnt/scratch/users/2931382s/datasets/ERR11178312_Illumina_NovaSeq_6000_paired_end_sequencing_1.fastq.gz	/mnt/scratch/users/2931382s/datasets/ERR11178312_Illumina_NovaSeq_6000_paired_end_sequencing_2.fastq.gz
ERR11178313	ERR11178313_Illumina_NovaSeq_6000_paired_end_sequencing	/mnt/scratch/users/2931382s/datasets/ERR11178313_Illumina_NovaSeq_6000_paired_end_sequencing_1.fastq.gz	/mnt/scratch/users/2931382s/datasets/ERR11178313_Illumina_NovaSeq_6000_paired_end_sequencing_2.fastq.gz
ERR11178314	ERR11178314_Illumina_NovaSeq_6000_paired_end_sequencing	/mnt/scratch/users/2931382s/datasets/ERR11178314_Illumina_NovaSeq_6000_paired_end_sequencing_1.fastq.gz	/mnt/scratch/users/2931382s/datasets/ERR11178314_Illumina_NovaSeq_6000_paired_end_sequencing_2.fastq.gz
ERR11178315	ERR11178315_Illumina_NovaSeq_6000_paired_end_sequencing	/mnt/scratch/users/2931382s/datasets/ERR11178315_Illumina_NovaSeq_6000_paired_end_sequencing_1.fastq.gz	/mnt/scratch/users/2931382s/datasets/ERR11178315_Illumina_NovaSeq_6000_paired_end_sequencing_2.fastq.gz
ERR11178316	ERR11178316_Illumina_NovaSeq_6000_paired_end_sequencing	/mnt/scratch/users/2931382s/datasets/ERR11178316_Illumina_NovaSeq_6000_paired_end_sequencing_1.fastq.gz	/mnt/scratch/users/2931382s/datasets/ERR11178316_Illumina_NovaSeq_6000_paired_end_sequencing_2.fastq.gz
ERR11178317	ERR11178317_Illumina_NovaSeq_6000_paired_end_sequencing	/mnt/scratch/users/2931382s/datasets/ERR11178317_Illumina_NovaSeq_6000_paired_end_sequencing_1.fastq.gz	/mnt/scratch/users/2931382s/datasets/ERR11178317_Illumina_NovaSeq_6000_paired_end_sequencing_2.fastq.gz
ERR11178318	ERR11178318_Illumina_NovaSeq_6000_paired_end_sequencing	/mnt/scratch/users/2931382s/datasets/ERR11178318_Illumina_NovaSeq_6000_paired_end_sequencing_1.fastq.gz	/mnt/scratch/users/2931382s/datasets/ERR11178318_Illumina_NovaSeq_6000_paired_end_sequencing_2.fastq.gz
ERR11178319	ERR11178319_Illumina_NovaSeq_6000_paired_end_sequencing	/mnt/scratch/users/2931382s/datasets/ERR11178319_Illumina_NovaSeq_6000_paired_end_sequencing_1.fastq.gz	/mnt/scratch/users/2931382s/datasets/ERR11178319_Illumina_NovaSeq_6000_paired_end_sequencing_2.fastq.gz
ERR11178320	ERR11178320_Illumina_NovaSeq_6000_paired_end_sequencing	/mnt/scratch/users/2931382s/datasets/ERR11178320_Illumina_NovaSeq_6000_paired_end_sequencing_1.fastq.gz	/mnt/scratch/users/2931382s/datasets/ERR11178320_Illumina_NovaSeq_6000_paired_end_sequencing_2.fastq.gz
ERR11178321	ERR11178321_Illumina_NovaSeq_6000_paired_end_sequencing	/mnt/scratch/users/2931382s/datasets/ERR11178321_Illumina_NovaSeq_6000_paired_end_sequencing_1.fastq.gz	/mnt/scratch/users/2931382s/datasets/ERR11178321_Illumina_NovaSeq_6000_paired_end_sequencing_2.fastq.gz
ERR11178322	ERR11178322_Illumina_NovaSeq_6000_paired_end_sequencing	/mnt/scratch/users/2931382s/datasets/ERR11178322_Illumina_NovaSeq_6000_paired_end_sequencing_1.fastq.gz	/mnt/scratch/users/2931382s/datasets/ERR11178322_Illumina_NovaSeq_6000_paired_end_sequencing_2.fastq.gz
ERR11178323	ERR11178323_Illumina_NovaSeq_6000_paired_end_sequencing	/mnt/scratch/users/2931382s/datasets/ERR11178323_Illumina_NovaSeq_6000_paired_end_sequencing_1.fastq.gz	/mnt/scratch/users/2931382s/datasets/ERR11178323_Illumina_NovaSeq_6000_paired_end_sequencing_2.fastq.gz
ERR11178324	ERR11178324_Illumina_NovaSeq_6000_paired_end_sequencing	/mnt/scratch/users/2931382s/datasets/ERR11178324_Illumina_NovaSeq_6000_paired_end_sequencing_1.fastq.gz	/mnt/scratch/users/2931382s/datasets/ERR11178324_Illumina_NovaSeq_6000_paired_end_sequencing_2.fastq.gz
ERR11178325	ERR11178325_Illumina_NovaSeq_6000_paired_end_sequencing	/mnt/scratch/users/2931382s/datasets/ERR11178325_Illumina_NovaSeq_6000_paired_end_sequencing_1.fastq.gz	/mnt/scratch/users/2931382s/datasets/ERR11178325_Illumina_NovaSeq_6000_paired_end_sequencing_2.fastq.gz
ERR11178326	ERR11178326_Illumina_NovaSeq_6000_paired_end_sequencing	/mnt/scratch/users/2931382s/datasets/ERR11178326_Illumina_NovaSeq_6000_paired_end_sequencing_1.fastq.gz	/mnt/scratch/users/2931382s/datasets/ERR11178326_Illumina_NovaSeq_6000_paired_end_sequencing_2.fastq.gz
ERR11178327	ERR11178327_Illumina_NovaSeq_6000_paired_end_sequencing	/mnt/scratch/users/2931382s/datasets/ERR11178327_Illumina_NovaSeq_6000_paired_end_sequencing_1.fastq.gz	/mnt/scratch/users/2931382s/datasets/ERR11178327_Illumina_NovaSeq_6000_paired_end_sequencing_2.fastq.gz
ERR11178328	ERR11178328_Illumina_NovaSeq_6000_paired_end_sequencing	/mnt/scratch/users/2931382s/datasets/ERR11178328_Illumina_NovaSeq_6000_paired_end_sequencing_1.fastq.gz	/mnt/scratch/users/2931382s/datasets/ERR11178328_Illumina_NovaSeq_6000_paired_end_sequencing_2.fastq.gz
ERR11178329	ERR11178329_Illumina_NovaSeq_6000_paired_end_sequencing	/mnt/scratch/users/2931382s/datasets/ERR11178329_Illumina_NovaSeq_6000_paired_end_sequencing_1.fastq.gz	/mnt/scratch/users/2931382s/datasets/ERR11178329_Illumina_NovaSeq_6000_paired_end_sequencing_2.fastq.gz
ERR11178330	ERR11178330_Illumina_NovaSeq_6000_paired_end_sequencing	/mnt/scratch/users/2931382s/datasets/ERR11178330_Illumina_NovaSeq_6000_paired_end_sequencing_1.fastq.gz	/mnt/scratch/users/2931382s/datasets/ERR11178330_Illumina_NovaSeq_6000_paired_end_sequencing_2.fastq.gz
ERR11178331	ERR11178331_Illumina_NovaSeq_6000_paired_end_sequencing	/mnt/scratch/users/2931382s/datasets/ERR11178331_Illumina_NovaSeq_6000_paired_end_sequencing_1.fastq.gz	/mnt/scratch/users/2931382s/datasets/ERR11178331_Illumina_NovaSeq_6000_paired_end_sequencing_2.fastq.gz
ERR11178332	ERR11178332_Illumina_NovaSeq_6000_paired_end_sequencing	/mnt/scratch/users/2931382s/datasets/ERR11178332_Illumina_NovaSeq_6000_paired_end_sequencing_1.fastq.gz	/mnt/scratch/users/2931382s/datasets/ERR11178332_Illumina_NovaSeq_6000_paired_end_sequencing_2.fastq.gz
ERR11178333	ERR11178333_Illumina_NovaSeq_6000_paired_end_sequencing	/mnt/scratch/users/2931382s/datasets/ERR11178333_Illumina_NovaSeq_6000_paired_end_sequencing_1.fastq.gz	/mnt/scratch/users/2931382s/datasets/ERR11178333_Illumina_NovaSeq_6000_paired_end_sequencing_2.fastq.gz
ERR11178334	ERR11178334_Illumina_NovaSeq_6000_paired_end_sequencing	/mnt/scratch/users/2931382s/datasets/ERR11178334_Illumina_NovaSeq_6000_paired_end_sequencing_1.fastq.gz	/mnt/scratch/users/2931382s/datasets/ERR11178334_Illumina_NovaSeq_6000_paired_end_sequencing_2.fastq.gz
ERR11178335	ERR11178335_Illumina_NovaSeq_6000_paired_end_sequencing	/mnt/scratch/users/2931382s/datasets/ERR11178335_Illumina_NovaSeq_6000_paired_end_sequencing_1.fastq.gz	/mnt/scratch/users/2931382s/datasets/ERR11178335_Illumina_NovaSeq_6000_paired_end_sequencing_2.fastq.gz
ERR11178336	ERR11178336_Illumina_NovaSeq_6000_paired_end_sequencing	/mnt/scratch/users/2931382s/datasets/ERR11178336_Illumina_NovaSeq_6000_paired_end_sequencing_1.fastq.gz	/mnt/scratch/users/2931382s/datasets/ERR11178336_Illumina_NovaSeq_6000_paired_end_sequencing_2.fastq.gz
ERR11178337	ERR11178337_Illumina_NovaSeq_6000_paired_end_sequencing	/mnt/scratch/users/2931382s/datasets/ERR11178337_Illumina_NovaSeq_6000_paired_end_sequencing_1.fastq.gz	/mnt/scratch/users/2931382s/datasets/ERR11178337_Illumina_NovaSeq_6000_paired_end_sequencing_2.fastq.gz
ERR11178338	ERR11178338_Illumina_NovaSeq_6000_paired_end_sequencing	/mnt/scratch/users/2931382s/datasets/ERR11178338_Illumina_NovaSeq_6000_paired_end_sequencing_1.fastq.gz	/mnt/scratch/users/2931382s/datasets/ERR11178338_Illumina_NovaSeq_6000_paired_end_sequencing_2.fastq.gz
ERR11178339	ERR11178339_Illumina_NovaSeq_6000_paired_end_sequencing	/mnt/scratch/users/2931382s/datasets/ERR11178339_Illumina_NovaSeq_6000_paired_end_sequencing_1.fastq.gz	/mnt/scratch/users/2931382s/datasets/ERR11178339_Illumina_NovaSeq_6000_paired_end_sequencing_2.fastq.gz
ERR11178340	ERR11178340_Illumina_NovaSeq_6000_paired_end_sequencing	/mnt/scratch/users/2931382s/datasets/ERR11178340_Illumina_NovaSeq_6000_paired_end_sequencing_1.fastq.gz	/mnt/scratch/users/2931382s/datasets/ERR11178340_Illumina_NovaSeq_6000_paired_end_sequencing_2.fastq.gz
ERR11178341	ERR11178341_Illumina_NovaSeq_6000_paired_end_sequencing	/mnt/scratch/users/2931382s/datasets/ERR11178341_Illumina_NovaSeq_6000_paired_end_sequencing_1.fastq.gz	/mnt/scratch/users/2931382s/datasets/ERR11178341_Illumina_NovaSeq_6000_paired_end_sequencing_2.fastq.gz
ERR11178342	ERR11178342_Illumina_NovaSeq_6000_paired_end_sequencing	/mnt/scratch/users/2931382s/datasets/ERR11178342_Illumina_NovaSeq_6000_paired_end_sequencing_1.fastq.gz	/mnt/scratch/users/2931382s/datasets/ERR11178342_Illumina_NovaSeq_6000_paired_end_sequencing_2.fastq.gz
ERR11178343	ERR11178343_Illumina_NovaSeq_6000_paired_end_sequencing	/mnt/scratch/users/2931382s/datasets/ERR11178343_Illumina_NovaSeq_6000_paired_end_sequencing_1.fastq.gz	/mnt/scratch/users/2931382s/datasets/ERR11178343_Illumina_NovaSeq_6000_paired_end_sequencing_2.fastq.gz
ERR11178344	ERR11178344_Illumina_NovaSeq_6000_paired_end_sequencing	/mnt/scratch/users/2931382s/datasets/ERR11178344_Illumina_NovaSeq_6000_paired_end_sequencing_1.fastq.gz	/mnt/scratch/users/2931382s/datasets/ERR11178344_Illumina_NovaSeq_6000_paired_end_sequencing_2.fastq.gz
ERR11178345	ERR11178345_Illumina_NovaSeq_6000_paired_end_sequencing	/mnt/scratch/users/2931382s/datasets/ERR11178345_Illumina_NovaSeq_6000_paired_end_sequencing_1.fastq.gz	/mnt/scratch/users/2931382s/datasets/ERR11178345_Illumina_NovaSeq_6000_paired_end_sequencing_2.fastq.gz
ERR11178346	ERR11178346_Illumina_NovaSeq_6000_paired_end_sequencing	/mnt/scratch/users/2931382s/datasets/ERR11178346_Illumina_NovaSeq_6000_paired_end_sequencing_1.fastq.gz	/mnt/scratch/users/2931382s/datasets/ERR11178346_Illumina_NovaSeq_6000_paired_end_sequencing_2.fastq.gz
ERR11178347	ERR11178347_Illumina_NovaSeq_6000_paired_end_sequencing	/mnt/scratch/users/2931382s/datasets/ERR11178347_Illumina_NovaSeq_6000_paired_end_sequencing_1.fastq.gz	/mnt/scratch/users/2931382s/datasets/ERR11178347_Illumina_NovaSeq_6000_paired_end_sequencing_2.fastq.gz
ERR11178348	ERR11178348_Illumina_NovaSeq_6000_paired_end_sequencing	/mnt/scratch/users/2931382s/datasets/ERR11178348_Illumina_NovaSeq_6000_paired_end_sequencing_1.fastq.gz	/mnt/scratch/users/2931382s/datasets/ERR11178348_Illumina_NovaSeq_6000_paired_end_sequencing_2.fastq.gz
ERR11178349	ERR11178349_Illumina_NovaSeq_6000_paired_end_sequencing	/mnt/scratch/users/2931382s/datasets/ERR11178349_Illumina_NovaSeq_6000_paired_end_sequencing_1.fastq.gz	/mnt/scratch/users/2931382s/datasets/ERR11178349_Illumina_NovaSeq_6000_paired_end_sequencing_2.fastq.gz
ERR11178350	ERR11178350_Illumina_NovaSeq_6000_paired_end_sequencing	/mnt/scratch/users/2931382s/datasets/ERR11178350_Illumina_NovaSeq_6000_paired_end_sequencing_1.fastq.gz	/mnt/scratch/users/2931382s/datasets/ERR11178350_Illumina_NovaSeq_6000_paired_end_sequencing_2.fastq.gz
ERR11178351	ERR11178351_Illumina_NovaSeq_6000_paired_end_sequencing	/mnt/scratch/users/2931382s/datasets/ERR11178351_Illumina_NovaSeq_6000_paired_end_sequencing_1.fastq.gz	/mnt/scratch/users/2931382s/datasets/ERR11178351_Illumina_NovaSeq_6000_paired_end_sequencing_2.fastq.gz
ERR11178352	ERR11178352_Illumina_NovaSeq_6000_paired_end_sequencing	/mnt/scratch/users/2931382s/datasets/ERR11178352_Illumina_NovaSeq_6000_paired_end_sequencing_1.fastq.gz	/mnt/scratch/users/2931382s/datasets/ERR11178352_Illumina_NovaSeq_6000_paired_end_sequencing_2.fastq.gz
ERR11178353	ERR11178353_Illumina_NovaSeq_6000_paired_end_sequencing	/mnt/scratch/users/2931382s/datasets/ERR11178353_Illumina_NovaSeq_6000_paired_end_sequencing_1.fastq.gz	/mnt/scratch/users/2931382s/datasets/ERR11178353_Illumina_NovaSeq_6000_paired_end_sequencing_2.fastq.gz
ERR11178354	ERR11178354_Illumina_NovaSeq_6000_paired_end_sequencing	/mnt/scratch/users/2931382s/datasets/ERR11178354_Illumina_NovaSeq_6000_paired_end_sequencing_1.fastq.gz	/mnt/scratch/users/2931382s/datasets/ERR11178354_Illumina_NovaSeq_6000_paired_end_sequencing_2.fastq.gz
ERR11178355	ERR11178355_Illumina_NovaSeq_6000_paired_end_sequencing	/mnt/scratch/users/2931382s/datasets/ERR11178355_Illumina_NovaSeq_6000_paired_end_sequencing_1.fastq.gz	/mnt/scratch/users/2931382s/datasets/ERR11178355_Illumina_NovaSeq_6000_paired_end_sequencing_2.fastq.gz
ERR11178356	ERR11178356_Illumina_NovaSeq_6000_paired_end_sequencing	/mnt/scratch/users/2931382s/datasets/ERR11178356_Illumina_NovaSeq_6000_paired_end_sequencing_1.fastq.gz	/mnt/scratch/users/2931382s/datasets/ERR11178356_Illumina_NovaSeq_6000_paired_end_sequencing_2.fastq.gz
ERR11178357	ERR11178357_Illumina_NovaSeq_6000_paired_end_sequencing	/mnt/scratch/users/2931382s/datasets/ERR11178357_Illumina_NovaSeq_6000_paired_end_sequencing_1.fastq.gz	/mnt/scratch/users/2931382s/datasets/ERR11178357_Illumina_NovaSeq_6000_paired_end_sequencing_2.fastq.gz
ERR11178358	ERR11178358_Illumina_NovaSeq_6000_paired_end_sequencing	/mnt/scratch/users/2931382s/datasets/ERR11178358_Illumina_NovaSeq_6000_paired_end_sequencing_1.fastq.gz	/mnt/scratch/users/2931382s/datasets/ERR11178358_Illumina_NovaSeq_6000_paired_end_sequencing_2.fastq.gz
ERR11178359	ERR11178359_Illumina_NovaSeq_6000_paired_end_sequencing	/mnt/scratch/users/2931382s/datasets/ERR11178359_Illumina_NovaSeq_6000_paired_end_sequencing_1.fastq.gz	/mnt/scratch/users/2931382s/datasets/ERR11178359_Illumina_NovaSeq_6000_paired_end_sequencing_2.fastq.gz
ERR11178360	ERR11178360_Illumina_NovaSeq_6000_paired_end_sequencing	/mnt/scratch/users/2931382s/datasets/ERR11178360_Illumina_NovaSeq_6000_paired_end_sequencing_1.fastq.gz	/mnt/scratch/users/2931382s/datasets/ERR11178360_Illumina_NovaSeq_6000_paired_end_sequencing_2.fastq.gz
ERR11178361	ERR11178361_Illumina_NovaSeq_6000_paired_end_sequencing	/mnt/scratch/users/2931382s/datasets/ERR11178361_Illumina_NovaSeq_6000_paired_end_sequencing_1.fastq.gz	/mnt/scratch/users/2931382s/datasets/ERR11178361_Illumina_NovaSeq_6000_paired_end_sequencing_2.fastq.gz
ERR11178362	ERR11178362_Illumina_NovaSeq_6000_paired_end_sequencing	/mnt/scratch/users/2931382s/datasets/ERR11178362_Illumina_NovaSeq_6000_paired_end_sequencing_1.fastq.gz	/mnt/scratch/users/2931382s/datasets/ERR11178362_Illumina_NovaSeq_6000_paired_end_sequencing_2.fastq.gz
ERR11178363	ERR11178363_Illumina_NovaSeq_6000_paired_end_sequencing	/mnt/scratch/users/2931382s/datasets/ERR11178363_Illumina_NovaSeq_6000_paired_end_sequencing_1.fastq.gz	/mnt/scratch/users/2931382s/datasets/ERR11178363_Illumina_NovaSeq_6000_paired_end_sequencing_2.fastq.gz
ERR11178364	ERR11178364_Illumina_NovaSeq_6000_paired_end_sequencing	/mnt/scratch/users/2931382s/datasets/ERR11178364_Illumina_NovaSeq_6000_paired_end_sequencing_1.fastq.gz	/mnt/scratch/users/2931382s/datasets/ERR11178364_Illumina_NovaSeq_6000_paired_end_sequencing_2.fastq.gz
ERR11178365	ERR11178365_Illumina_NovaSeq_6000_paired_end_sequencing	/mnt/scratch/users/2931382s/datasets/ERR11178365_Illumina_NovaSeq_6000_paired_end_sequencing_1.fastq.gz	/mnt/scratch/users/2931382s/datasets/ERR11178365_Illumina_NovaSeq_6000_paired_end_sequencing_2.fastq.gz
ERR11178366	ERR11178366_Illumina_NovaSeq_6000_paired_end_sequencing	/mnt/scratch/users/2931382s/datasets/ERR11178366_Illumina_NovaSeq_6000_paired_end_sequencing_1.fastq.gz	/mnt/scratch/users/2931382s/datasets/ERR11178366_Illumina_NovaSeq_6000_paired_end_sequencing_2.fastq.gz
ERR11178367	ERR11178367_Illumina_NovaSeq_6000_paired_end_sequencing	/mnt/scratch/users/2931382s/datasets/ERR11178367_Illumina_NovaSeq_6000_paired_end_sequencing_1.fastq.gz	/mnt/scratch/users/2931382s/datasets/ERR11178367_Illumina_NovaSeq_6000_paired_end_sequencing_2.fastq.gz
ERR11178368	ERR11178368_Illumina_NovaSeq_6000_paired_end_sequencing	/mnt/scratch/users/2931382s/datasets/ERR11178368_Illumina_NovaSeq_6000_paired_end_sequencing_1.fastq.gz	/mnt/scratch/users/2931382s/datasets/ERR11178368_Illumina_NovaSeq_6000_paired_end_sequencing_2.fastq.gz
ERR11178369	ERR11178369_Illumina_NovaSeq_6000_paired_end_sequencing	/mnt/scratch/users/2931382s/datasets/ERR11178369_Illumina_NovaSeq_6000_paired_end_sequencing_1.fastq.gz	/mnt/scratch/users/2931382s/datasets/ERR11178369_Illumina_NovaSeq_6000_paired_end_sequencing_2.fastq.gz
ERR11178370	ERR11178370_Illumina_NovaSeq_6000_paired_end_sequencing	/mnt/scratch/users/2931382s/datasets/ERR11178370_Illumina_NovaSeq_6000_paired_end_sequencing_1.fastq.gz	/mnt/scratch/users/2931382s/datasets/ERR11178370_Illumina_NovaSeq_6000_paired_end_sequencing_2.fastq.gz
ERR11178371	ERR11178371_Illumina_NovaSeq_6000_paired_end_sequencing	/mnt/scratch/users/2931382s/datasets/ERR11178371_Illumina_NovaSeq_6000_paired_end_sequencing_1.fastq.gz	/mnt/scratch/users/2931382s/datasets/ERR11178371_Illumina_NovaSeq_6000_paired_end_sequencing_2.fastq.gz
ERR11178372	ERR11178372_Illumina_NovaSeq_6000_paired_end_sequencing	/mnt/scratch/users/2931382s/datasets/ERR11178372_Illumina_NovaSeq_6000_paired_end_sequencing_1.fastq.gz	/mnt/scratch/users/2931382s/datasets/ERR11178372_Illumina_NovaSeq_6000_paired_end_sequencing_2.fastq.gz
ERR11178373	ERR11178373_Illumina_NovaSeq_6000_paired_end_sequencing	/mnt/scratch/users/2931382s/datasets/ERR11178373_Illumina_NovaSeq_6000_paired_end_sequencing_1.fastq.gz	/mnt/scratch/users/2931382s/datasets/ERR11178373_Illumina_NovaSeq_6000_paired_end_sequencing_2.fastq.gz
ERR11178374	ERR11178374_Illumina_NovaSeq_6000_paired_end_sequencing	/mnt/scratch/users/2931382s/datasets/ERR11178374_Illumina_NovaSeq_6000_paired_end_sequencing_1.fastq.gz	/mnt/scratch/users/2931382s/datasets/ERR11178374_Illumina_NovaSeq_6000_paired_end_sequencing_2.fastq.gz
ERR11178375	ERR11178375_Illumina_NovaSeq_6000_paired_end_sequencing	/mnt/scratch/users/2931382s/datasets/ERR11178375_Illumina_NovaSeq_6000_paired_end_sequencing_1.fastq.gz	/mnt/scratch/users/2931382s/datasets/ERR11178375_Illumina_NovaSeq_6000_paired_end_sequencing_2.fastq.gz
ERR11178376	ERR11178376_Illumina_NovaSeq_6000_paired_end_sequencing	/mnt/scratch/users/2931382s/datasets/ERR11178376_Illumina_NovaSeq_6000_paired_end_sequencing_1.fastq.gz	/mnt/scratch/users/2931382s/datasets/ERR11178376_Illumina_NovaSeq_6000_paired_end_sequencing_2.fastq.gz
ERR11178377	ERR11178377_Illumina_NovaSeq_6000_paired_end_sequencing	/mnt/scratch/users/2931382s/datasets/ERR11178377_Illumina_NovaSeq_6000_paired_end_sequencing_1.fastq.gz	/mnt/scratch/users/2931382s/datasets/ERR11178377_Illumina_NovaSeq_6000_paired_end_sequencing_2.fastq.gz
ERR11178378	ERR11178378_Illumina_NovaSeq_6000_paired_end_sequencing	/mnt/scratch/users/2931382s/datasets/ERR11178378_Illumina_NovaSeq_6000_paired_end_sequencing_1.fastq.gz	/mnt/scratch/users/2931382s/datasets/ERR11178378_Illumina_NovaSeq_6000_paired_end_sequencing_2.fastq.gz
ERR11178379	ERR11178379_Illumina_NovaSeq_6000_paired_end_sequencing	/mnt/scratch/users/2931382s/datasets/ERR11178379_Illumina_NovaSeq_6000_paired_end_sequencing_1.fastq.gz	/mnt/scratch/users/2931382s/datasets/ERR11178379_Illumina_NovaSeq_6000_paired_end_sequencing_2.fastq.gz
ERR11178380	ERR11178380_Illumina_NovaSeq_6000_paired_end_sequencing	/mnt/scratch/users/2931382s/datasets/ERR11178380_Illumina_NovaSeq_6000_paired_end_sequencing_1.fastq.gz	/mnt/scratch/users/2931382s/datasets/ERR11178380_Illumina_NovaSeq_6000_paired_end_sequencing_2.fastq.gz
ERR11178381	ERR11178381_Illumina_NovaSeq_6000_paired_end_sequencing	/mnt/scratch/users/2931382s/datasets/ERR11178381_Illumina_NovaSeq_6000_paired_end_sequencing_1.fastq.gz	/mnt/scratch/users/2931382s/datasets/ERR11178381_Illumina_NovaSeq_6000_paired_end_sequencing_2.fastq.gz
ERR11178382	ERR11178382_Illumina_NovaSeq_6000_paired_end_sequencing	/mnt/scratch/users/2931382s/datasets/ERR11178382_Illumina_NovaSeq_6000_paired_end_sequencing_1.fastq.gz	/mnt/scratch/users/2931382s/datasets/ERR11178382_Illumina_NovaSeq_6000_paired_end_sequencing_2.fastq.gz
ERR11178383	ERR11178383_Illumina_NovaSeq_6000_paired_end_sequencing	/mnt/scratch/users/2931382s/datasets/ERR11178383_Illumina_NovaSeq_6000_paired_end_sequencing_1.fastq.gz	/mnt/scratch/users/2931382s/datasets/ERR11178383_Illumina_NovaSeq_6000_paired_end_sequencing_2.fastq.gz
ERR11178384	ERR11178384_Illumina_NovaSeq_6000_paired_end_sequencing	/mnt/scratch/users/2931382s/datasets/ERR11178384_Illumina_NovaSeq_6000_paired_end_sequencing_1.fastq.gz	/mnt/scratch/users/2931382s/datasets/ERR11178384_Illumina_NovaSeq_6000_paired_end_sequencing_2.fastq.gz
ERR11178385	ERR11178385_Illumina_NovaSeq_6000_paired_end_sequencing	/mnt/scratch/users/2931382s/datasets/ERR11178385_Illumina_NovaSeq_6000_paired_end_sequencing_1.fastq.gz	/mnt/scratch/users/2931382s/datasets/ERR11178385_Illumina_NovaSeq_6000_paired_end_sequencing_2.fastq.gz
ERR11178386	ERR11178386_Illumina_NovaSeq_6000_paired_end_sequencing	/mnt/scratch/users/2931382s/datasets/ERR11178386_Illumina_NovaSeq_6000_paired_end_sequencing_1.fastq.gz	/mnt/scratch/users/2931382s/datasets/ERR11178386_Illumina_NovaSeq_6000_paired_end_sequencing_2.fastq.gz
ERR11178387	ERR11178387_Illumina_NovaSeq_6000_paired_end_sequencing	/mnt/scratch/users/2931382s/datasets/ERR11178387_Illumina_NovaSeq_6000_paired_end_sequencing_1.fastq.gz	/mnt/scratch/users/2931382s/datasets/ERR11178387_Illumina_NovaSeq_6000_paired_end_sequencing_2.fastq.gz
ERR11178388	ERR11178388_Illumina_NovaSeq_6000_paired_end_sequencing	/mnt/scratch/users/2931382s/datasets/ERR11178388_Illumina_NovaSeq_6000_paired_end_sequencing_1.fastq.gz	/mnt/scratch/users/2931382s/datasets/ERR11178388_Illumina_NovaSeq_6000_paired_end_sequencing_2.fastq.gz
ERR11178389	ERR11178389_Illumina_NovaSeq_6000_paired_end_sequencing	/mnt/scratch/users/2931382s/datasets/ERR11178389_Illumina_NovaSeq_6000_paired_end_sequencing_1.fastq.gz	/mnt/scratch/users/2931382s/datasets/ERR11178389_Illumina_NovaSeq_6000_paired_end_sequencing_2.fastq.gz
ERR11178390	ERR11178390_Illumina_NovaSeq_6000_paired_end_sequencing	/mnt/scratch/users/2931382s/datasets/ERR11178390_Illumina_NovaSeq_6000_paired_end_sequencing_1.fastq.gz	/mnt/scratch/users/2931382s/datasets/ERR11178390_Illumina_NovaSeq_6000_paired_end_sequencing_2.fastq.gz
ERR11178391	ERR11178391_Illumina_NovaSeq_6000_paired_end_sequencing	/mnt/scratch/users/2931382s/datasets/ERR11178391_Illumina_NovaSeq_6000_paired_end_sequencing_1.fastq.gz	/mnt/scratch/users/2931382s/datasets/ERR11178391_Illumina_NovaSeq_6000_paired_end_sequencing_2.fastq.gz
ERR11178392	ERR11178392_Illumina_NovaSeq_6000_paired_end_sequencing	/mnt/scratch/users/2931382s/datasets/ERR11178392_Illumina_NovaSeq_6000_paired_end_sequencing_1.fastq.gz	/mnt/scratch/users/2931382s/datasets/ERR11178392_Illumina_NovaSeq_6000_paired_end_sequencing_2.fastq.gz
ERR11178393	ERR11178393_Illumina_NovaSeq_6000_paired_end_sequencing	/mnt/scratch/users/2931382s/datasets/ERR11178393_Illumina_NovaSeq_6000_paired_end_sequencing_1.fastq.gz	/mnt/scratch/users/2931382s/datasets/ERR11178393_Illumina_NovaSeq_6000_paired_end_sequencing_2.fastq.gz
ERR11178394	ERR11178394_Illumina_NovaSeq_6000_paired_end_sequencing	/mnt/scratch/users/2931382s/datasets/ERR11178394_Illumina_NovaSeq_6000_paired_end_sequencing_1.fastq.gz	/mnt/scratch/users/2931382s/datasets/ERR11178394_Illumina_NovaSeq_6000_paired_end_sequencing_2.fastq.gz
ERR11178395	ERR11178395_Illumina_NovaSeq_6000_paired_end_sequencing	/mnt/scratch/users/2931382s/datasets/ERR11178395_Illumina_NovaSeq_6000_paired_end_sequencing_1.fastq.gz	/mnt/scratch/users/2931382s/datasets/ERR11178395_Illumina_NovaSeq_6000_paired_end_sequencing_2.fastq.gz
ERR11178396	ERR11178396_Illumina_NovaSeq_6000_paired_end_sequencing	/mnt/scratch/users/2931382s/datasets/ERR11178396_Illumina_NovaSeq_6000_paired_end_sequencing_1.fastq.gz	/mnt/scratch/users/2931382s/datasets/ERR11178396_Illumina_NovaSeq_6000_paired_end_sequencing_2.fastq.gz
ERR11178397	ERR11178397_Illumina_NovaSeq_6000_paired_end_sequencing	/mnt/scratch/users/2931382s/datasets/ERR11178397_Illumina_NovaSeq_6000_paired_end_sequencing_1.fastq.gz	/mnt/scratch/users/2931382s/datasets/ERR11178397_Illumina_NovaSeq_6000_paired_end_sequencing_2.fastq.gz
ERR11178398	ERR11178398_Illumina_NovaSeq_6000_paired_end_sequencing	/mnt/scratch/users/2931382s/datasets/ERR11178398_Illumina_NovaSeq_6000_paired_end_sequencing_1.fastq.gz	/mnt/scratch/users/2931382s/datasets/ERR11178398_Illumina_NovaSeq_6000_paired_end_sequencing_2.fastq.gz
ERR11178399	ERR11178399_Illumina_NovaSeq_6000_paired_end_sequencing	/mnt/scratch/users/2931382s/datasets/ERR11178399_Illumina_NovaSeq_6000_paired_end_sequencing_1.fastq.gz	/mnt/scratch/users/2931382s/datasets/ERR11178399_Illumina_NovaSeq_6000_paired_end_sequencing_2.fastq.gz
ERR11178400	ERR11178400_Illumina_NovaSeq_6000_paired_end_sequencing	/mnt/scratch/users/2931382s/datasets/ERR11178400_Illumina_NovaSeq_6000_paired_end_sequencing_1.fastq.gz	/mnt/scratch/users/2931382s/datasets/ERR11178400_Illumina_NovaSeq_6000_paired_end_sequencing_2.fastq.gz
ERR11178401	ERR11178401_Illumina_NovaSeq_6000_paired_end_sequencing	/mnt/scratch/users/2931382s/datasets/ERR11178401_Illumina_NovaSeq_6000_paired_end_sequencing_1.fastq.gz	/mnt/scratch/users/2931382s/datasets/ERR11178401_Illumina_NovaSeq_6000_paired_end_sequencing_2.fastq.gz
ERR11178402	ERR11178402_Illumina_NovaSeq_6000_paired_end_sequencing	/mnt/scratch/users/2931382s/datasets/ERR11178402_Illumina_NovaSeq_6000_paired_end_sequencing_1.fastq.gz	/mnt/scratch/users/2931382s/datasets/ERR11178402_Illumina_NovaSeq_6000_paired_end_sequencing_2.fastq.gz
ERR11178403	ERR11178403_Illumina_NovaSeq_6000_paired_end_sequencing	/mnt/scratch/users/2931382s/datasets/ERR11178403_Illumina_NovaSeq_6000_paired_end_sequencing_1.fastq.gz	/mnt/scratch/users/2931382s/datasets/ERR11178403_Illumina_NovaSeq_6000_paired_end_sequencing_2.fastq.gz
ERR11178404	ERR11178404_Illumina_NovaSeq_6000_paired_end_sequencing	/mnt/scratch/users/2931382s/datasets/ERR11178404_Illumina_NovaSeq_6000_paired_end_sequencing_1.fastq.gz	/mnt/scratch/users/2931382s/datasets/ERR11178404_Illumina_NovaSeq_6000_paired_end_sequencing_2.fastq.gz
ERR11178405	ERR11178405_Illumina_NovaSeq_6000_paired_end_sequencing	/mnt/scratch/users/2931382s/datasets/ERR11178405_Illumina_NovaSeq_6000_paired_end_sequencing_1.fastq.gz	/mnt/scratch/users/2931382s/datasets/ERR11178405_Illumina_NovaSeq_6000_paired_end_sequencing_2.fastq.gz
ERR11178406	ERR11178406_Illumina_NovaSeq_6000_paired_end_sequencing	/mnt/scratch/users/2931382s/datasets/ERR11178406_Illumina_NovaSeq_6000_paired_end_sequencing_1.fastq.gz	/mnt/scratch/users/2931382s/datasets/ERR11178406_Illumina_NovaSeq_6000_paired_end_sequencing_2.fastq.gz
ERR11178407	ERR11178407_Illumina_NovaSeq_6000_paired_end_sequencing	/mnt/scratch/users/2931382s/datasets/ERR11178407_Illumina_NovaSeq_6000_paired_end_sequencing_1.fastq.gz	/mnt/scratch/users/2931382s/datasets/ERR11178407_Illumina_NovaSeq_6000_paired_end_sequencing_2.fastq.gz
ERR11178408	ERR11178408_Illumina_NovaSeq_6000_paired_end_sequencing	/mnt/scratch/users/2931382s/datasets/ERR11178408_Illumina_NovaSeq_6000_paired_end_sequencing_1.fastq.gz	/mnt/scratch/users/2931382s/datasets/ERR11178408_Illumina_NovaSeq_6000_paired_end_sequencing_2.fastq.gz
ERR11178409	ERR11178409_Illumina_NovaSeq_6000_paired_end_sequencing	/mnt/scratch/users/2931382s/datasets/ERR11178409_Illumina_NovaSeq_6000_paired_end_sequencing_1.fastq.gz	/mnt/scratch/users/2931382s/datasets/ERR11178409_Illumina_NovaSeq_6000_paired_end_sequencing_2.fastq.gz
ERR11178410	ERR11178410_Illumina_NovaSeq_6000_paired_end_sequencing	/mnt/scratch/users/2931382s/datasets/ERR11178410_Illumina_NovaSeq_6000_paired_end_sequencing_1.fastq.gz	/mnt/scratch/users/2931382s/datasets/ERR11178410_Illumina_NovaSeq_6000_paired_end_sequencing_2.fastq.gz
ERR11178411	ERR11178411_Illumina_NovaSeq_6000_paired_end_sequencing	/mnt/scratch/users/2931382s/datasets/ERR11178411_Illumina_NovaSeq_6000_paired_end_sequencing_1.fastq.gz	/mnt/scratch/users/2931382s/datasets/ERR11178411_Illumina_NovaSeq_6000_paired_end_sequencing_2.fastq.gz
ERR11178412	ERR11178412_Illumina_NovaSeq_6000_paired_end_sequencing	/mnt/scratch/users/2931382s/datasets/ERR11178412_Illumina_NovaSeq_6000_paired_end_sequencing_1.fastq.gz	/mnt/scratch/users/2931382s/datasets/ERR11178412_Illumina_NovaSeq_6000_paired_end_sequencing_2.fastq.gz
ERR11178413	ERR11178413_Illumina_NovaSeq_6000_paired_end_sequencing	/mnt/scratch/users/2931382s/datasets/ERR11178413_Illumina_NovaSeq_6000_paired_end_sequencing_1.fastq.gz	/mnt/scratch/users/2931382s/datasets/ERR11178413_Illumina_NovaSeq_6000_paired_end_sequencing_2.fastq.gz
ERR11178414	ERR11178414_Illumina_NovaSeq_6000_paired_end_sequencing	/mnt/scratch/users/2931382s/datasets/ERR11178414_Illumina_NovaSeq_6000_paired_end_sequencing_1.fastq.gz	/mnt/scratch/users/2931382s/datasets/ERR11178414_Illumina_NovaSeq_6000_paired_end_sequencing_2.fastq.gz
ERR11178415	ERR11178415_Illumina_NovaSeq_6000_paired_end_sequencing	/mnt/scratch/users/2931382s/datasets/ERR11178415_Illumina_NovaSeq_6000_paired_end_sequencing_1.fastq.gz	/mnt/scratch/users/2931382s/datasets/ERR11178415_Illumina_NovaSeq_6000_paired_end_sequencing_2.fastq.gz
ERR11178416	ERR11178416_Illumina_NovaSeq_6000_paired_end_sequencing	/mnt/scratch/users/2931382s/datasets/ERR11178416_Illumina_NovaSeq_6000_paired_end_sequencing_1.fastq.gz	/mnt/scratch/users/2931382s/datasets/ERR11178416_Illumina_NovaSeq_6000_paired_end_sequencing_2.fastq.gz
ERR11178417	ERR11178417_Illumina_NovaSeq_6000_paired_end_sequencing	/mnt/scratch/users/2931382s/datasets/ERR11178417_Illumina_NovaSeq_6000_paired_end_sequencing_1.fastq.gz	/mnt/scratch/users/2931382s/datasets/ERR11178417_Illumina_NovaSeq_6000_paired_end_sequencing_2.fastq.gz
ERR11178418	ERR11178418_Illumina_NovaSeq_6000_paired_end_sequencing	/mnt/scratch/users/2931382s/datasets/ERR11178418_Illumina_NovaSeq_6000_paired_end_sequencing_1.fastq.gz	/mnt/scratch/users/2931382s/datasets/ERR11178418_Illumina_NovaSeq_6000_paired_end_sequencing_2.fastq.gz
ERR11178419	ERR11178419_Illumina_NovaSeq_6000_paired_end_sequencing	/mnt/scratch/users/2931382s/datasets/ERR11178419_Illumina_NovaSeq_6000_paired_end_sequencing_1.fastq.gz	/mnt/scratch/users/2931382s/datasets/ERR11178419_Illumina_NovaSeq_6000_paired_end_sequencing_2.fastq.gz
ERR11178420	ERR11178420_Illumina_NovaSeq_6000_paired_end_sequencing	/mnt/scratch/users/2931382s/datasets/ERR11178420_Illumina_NovaSeq_6000_paired_end_sequencing_1.fastq.gz	/mnt/scratch/users/2931382s/datasets/ERR11178420_Illumina_NovaSeq_6000_paired_end_sequencing_2.fastq.gz
ERR11178421	ERR11178421_Illumina_NovaSeq_6000_paired_end_sequencing	/mnt/scratch/users/2931382s/datasets/ERR11178421_Illumina_NovaSeq_6000_paired_end_sequencing_1.fastq.gz	/mnt/scratch/users/2931382s/datasets/ERR11178421_Illumina_NovaSeq_6000_paired_end_sequencing_2.fastq.gz
ERR11178422	ERR11178422_Illumina_NovaSeq_6000_paired_end_sequencing	/mnt/scratch/users/2931382s/datasets/ERR11178422_Illumina_NovaSeq_6000_paired_end_sequencing_1.fastq.gz	/mnt/scratch/users/2931382s/datasets/ERR11178422_Illumina_NovaSeq_6000_paired_end_sequencing_2.fastq.gz
ERR11178423	ERR11178423_Illumina_NovaSeq_6000_paired_end_sequencing	/mnt/scratch/users/2931382s/datasets/ERR11178423_Illumina_NovaSeq_6000_paired_end_sequencing_1.fastq.gz	/mnt/scratch/users/2931382s/datasets/ERR11178423_Illumina_NovaSeq_6000_paired_end_sequencing_2.fastq.gz
ERR11178424	ERR11178424_Illumina_NovaSeq_6000_paired_end_sequencing	/mnt/scratch/users/2931382s/datasets/ERR11178424_Illumina_NovaSeq_6000_paired_end_sequencing_1.fastq.gz	/mnt/scratch/users/2931382s/datasets/ERR11178424_Illumina_NovaSeq_6000_paired_end_sequencing_2.fastq.gz
ERR11178425	ERR11178425_Illumina_NovaSeq_6000_paired_end_sequencing	/mnt/scratch/users/2931382s/datasets/ERR11178425_Illumina_NovaSeq_6000_paired_end_sequencing_1.fastq.gz	/mnt/scratch/users/2931382s/datasets/ERR11178425_Illumina_NovaSeq_6000_paired_end_sequencing_2.fastq.gz
ERR11178426	ERR11178426_Illumina_NovaSeq_6000_paired_end_sequencing	/mnt/scratch/users/2931382s/datasets/ERR11178426_Illumina_NovaSeq_6000_paired_end_sequencing_1.fastq.gz	/mnt/scratch/users/2931382s/datasets/ERR11178426_Illumina_NovaSeq_6000_paired_end_sequencing_2.fastq.gz
ERR11178427	ERR11178427_Illumina_NovaSeq_6000_paired_end_sequencing	/mnt/scratch/users/2931382s/datasets/ERR11178427_Illumina_NovaSeq_6000_paired_end_sequencing_1.fastq.gz	/mnt/scratch/users/2931382s/datasets/ERR11178427_Illumina_NovaSeq_6000_paired_end_sequencing_2.fastq.gz
ERR11178428	ERR11178428_Illumina_NovaSeq_6000_paired_end_sequencing	/mnt/scratch/users/2931382s/datasets/ERR11178428_Illumina_NovaSeq_6000_paired_end_sequencing_1.fastq.gz	/mnt/scratch/users/2931382s/datasets/ERR11178428_Illumina_NovaSeq_6000_paired_end_sequencing_2.fastq.gz
ERR11178429	ERR11178429_Illumina_NovaSeq_6000_paired_end_sequencing	/mnt/scratch/users/2931382s/datasets/ERR11178429_Illumina_NovaSeq_6000_paired_end_sequencing_1.fastq.gz	/mnt/scratch/users/2931382s/datasets/ERR11178429_Illumina_NovaSeq_6000_paired_end_sequencing_2.fastq.gz
ERR11178430	ERR11178430_Illumina_NovaSeq_6000_paired_end_sequencing	/mnt/scratch/users/2931382s/datasets/ERR11178430_Illumina_NovaSeq_6000_paired_end_sequencing_1.fastq.gz	/mnt/scratch/users/2931382s/datasets/ERR11178430_Illumina_NovaSeq_6000_paired_end_sequencing_2.fastq.gz
ERR11178431	ERR11178431_Illumina_NovaSeq_6000_paired_end_sequencing	/mnt/scratch/users/2931382s/datasets/ERR11178431_Illumina_NovaSeq_6000_paired_end_sequencing_1.fastq.gz	/mnt/scratch/users/2931382s/datasets/ERR11178431_Illumina_NovaSeq_6000_paired_end_sequencing_2.fastq.gz
ERR11178432	ERR11178432_Illumina_NovaSeq_6000_paired_end_sequencing	/mnt/scratch/users/2931382s/datasets/ERR11178432_Illumina_NovaSeq_6000_paired_end_sequencing_1.fastq.gz	/mnt/scratch/users/2931382s/datasets/ERR11178432_Illumina_NovaSeq_6000_paired_end_sequencing_2.fastq.gz
ERR11178433	ERR11178433_Illumina_NovaSeq_6000_paired_end_sequencing	/mnt/scratch/users/2931382s/datasets/ERR11178433_Illumina_NovaSeq_6000_paired_end_sequencing_1.fastq.gz	/mnt/scratch/users/2931382s/datasets/ERR11178433_Illumina_NovaSeq_6000_paired_end_sequencing_2.fastq.gz
ERR11178434	ERR11178434_Illumina_NovaSeq_6000_paired_end_sequencing	/mnt/scratch/users/2931382s/datasets/ERR11178434_Illumina_NovaSeq_6000_paired_end_sequencing_1.fastq.gz	/mnt/scratch/users/2931382s/datasets/ERR11178434_Illumina_NovaSeq_6000_paired_end_sequencing_2.fastq.gz
ERR11178435	ERR11178435_Illumina_NovaSeq_6000_paired_end_sequencing	/mnt/scratch/users/2931382s/datasets/ERR11178435_Illumina_NovaSeq_6000_paired_end_sequencing_1.fastq.gz	/mnt/scratch/users/2931382s/datasets/ERR11178435_Illumina_NovaSeq_6000_paired_end_sequencing_2.fastq.gz
ERR11178436	ERR11178436_Illumina_NovaSeq_6000_paired_end_sequencing	/mnt/scratch/users/2931382s/datasets/ERR11178436_Illumina_NovaSeq_6000_paired_end_sequencing_1.fastq.gz	/mnt/scratch/users/2931382s/datasets/ERR11178436_Illumina_NovaSeq_6000_paired_end_sequencing_2.fastq.gz
ERR11178437	ERR11178437_Illumina_NovaSeq_6000_paired_end_sequencing	/mnt/scratch/users/2931382s/datasets/ERR11178437_Illumina_NovaSeq_6000_paired_end_sequencing_1.fastq.gz	/mnt/scratch/users/2931382s/datasets/ERR11178437_Illumina_NovaSeq_6000_paired_end_sequencing_2.fastq.gz
ERR11178438	ERR11178438_Illumina_NovaSeq_6000_paired_end_sequencing	/mnt/scratch/users/2931382s/datasets/ERR11178438_Illumina_NovaSeq_6000_paired_end_sequencing_1.fastq.gz	/mnt/scratch/users/2931382s/datasets/ERR11178438_Illumina_NovaSeq_6000_paired_end_sequencing_2.fastq.gz
ERR11178439	ERR11178439_Illumina_NovaSeq_6000_paired_end_sequencing	/mnt/scratch/users/2931382s/datasets/ERR11178439_Illumina_NovaSeq_6000_paired_end_sequencing_1.fastq.gz	/mnt/scratch/users/2931382s/datasets/ERR11178439_Illumina_NovaSeq_6000_paired_end_sequencing_2.fastq.gz
ERR11178440	ERR11178440_Illumina_NovaSeq_6000_paired_end_sequencing	/mnt/scratch/users/2931382s/datasets/ERR11178440_Illumina_NovaSeq_6000_paired_end_sequencing_1.fastq.gz	/mnt/scratch/users/2931382s/datasets/ERR11178440_Illumina_NovaSeq_6000_paired_end_sequencing_2.fastq.gz
ERR11178441	ERR11178441_Illumina_NovaSeq_6000_paired_end_sequencing	/mnt/scratch/users/2931382s/datasets/ERR11178441_Illumina_NovaSeq_6000_paired_end_sequencing_1.fastq.gz	/mnt/scratch/users/2931382s/datasets/ERR11178441_Illumina_NovaSeq_6000_paired_end_sequencing_2.fastq.gz
ERR11178442	ERR11178442_Illumina_NovaSeq_6000_paired_end_sequencing	/mnt/scratch/users/2931382s/datasets/ERR11178442_Illumina_NovaSeq_6000_paired_end_sequencing_1.fastq.gz	/mnt/scratch/users/2931382s/datasets/ERR11178442_Illumina_NovaSeq_6000_paired_end_sequencing_2.fastq.gz
ERR11178443	ERR11178443_Illumina_NovaSeq_6000_paired_end_sequencing	/mnt/scratch/users/2931382s/datasets/ERR11178443_Illumina_NovaSeq_6000_paired_end_sequencing_1.fastq.gz	/mnt/scratch/users/2931382s/datasets/ERR11178443_Illumina_NovaSeq_6000_paired_end_sequencing_2.fastq.gz
ERR5727030	SC_EXP_26042_3#3.ERR5727030	/mnt/scratch/users/2931382s/datasets/SC_EXP_26042_3#3.ERR5727030_1.fastq.gz	/mnt/scratch/users/2931382s/datasets/SC_EXP_26042_3#3.ERR5727030_2.fastq.gz
ERR5727036	SC_EXP_26042_3#9.ERR5727036	/mnt/scratch/users/2931382s/datasets/SC_EXP_26042_3#9.ERR5727036_1.fastq.gz	/mnt/scratch/users/2931382s/datasets/SC_EXP_26042_3#9.ERR5727036_2.fastq.gz
ERR5727037	SC_EXP_26042_3#10.ERR5727037	/mnt/scratch/users/2931382s/datasets/SC_EXP_26042_3#10.ERR5727037_1.fastq.gz	/mnt/scratch/users/2931382s/datasets/SC_EXP_26042_3#10.ERR5727037_2.fastq.gz
ERR5727070	SC_EXP_26042_3#43.ERR5727070	/mnt/scratch/users/2931382s/datasets/SC_EXP_26042_3#43.ERR5727070_1.fastq.gz	/mnt/scratch/users/2931382s/datasets/SC_EXP_26042_3#43.ERR5727070_2.fastq.gz
ERR5727071	SC_EXP_26042_3#44.ERR5727071	/mnt/scratch/users/2931382s/datasets/SC_EXP_26042_3#44.ERR5727071_1.fastq.gz	/mnt/scratch/users/2931382s/datasets/SC_EXP_26042_3#44.ERR5727071_2.fastq.gz
ERR5727072	SC_EXP_26042_3#45.ERR5727072	/mnt/scratch/users/2931382s/datasets/SC_EXP_26042_3#45.ERR5727072_1.fastq.gz	/mnt/scratch/users/2931382s/datasets/SC_EXP_26042_3#45.ERR5727072_2.fastq.gz
ERR5727073	SC_EXP_26042_3#46.ERR5727073	/mnt/scratch/users/2931382s/datasets/SC_EXP_26042_3#46.ERR5727073_1.fastq.gz	/mnt/scratch/users/2931382s/datasets/SC_EXP_26042_3#46.ERR5727073_2.fastq.gz
ERR5727209	SC_EXP_26042_6#23.ERR5727209	/mnt/scratch/users/2931382s/datasets/SC_EXP_26042_6#23.ERR5727209_1.fastq.gz	/mnt/scratch/users/2931382s/datasets/SC_EXP_26042_6#23.ERR5727209_2.fastq.gz
ERR5727210	SC_EXP_26042_6#24.ERR5727210	/mnt/scratch/users/2931382s/datasets/SC_EXP_26042_6#24.ERR5727210_1.fastq.gz	/mnt/scratch/users/2931382s/datasets/SC_EXP_26042_6#24.ERR5727210_2.fastq.gz
ERR5727226	SC_EXP_26042_6#40.ERR5727226	/mnt/scratch/users/2931382s/datasets/SC_EXP_26042_6#40.ERR5727226_1.fastq.gz	/mnt/scratch/users/2931382s/datasets/SC_EXP_26042_6#40.ERR5727226_2.fastq.gz
ERR5727227	SC_EXP_26042_6#41.ERR5727227	/mnt/scratch/users/2931382s/datasets/SC_EXP_26042_6#41.ERR5727227_1.fastq.gz	/mnt/scratch/users/2931382s/datasets/SC_EXP_26042_6#41.ERR5727227_2.fastq.gz
ERR5727234	SC_EXP_26042_6#48.ERR5727234	/mnt/scratch/users/2931382s/datasets/SC_EXP_26042_6#48.ERR5727234_1.fastq.gz	/mnt/scratch/users/2931382s/datasets/SC_EXP_26042_6#48.ERR5727234_2.fastq.gz
ERR5727235	SC_EXP_26042_6#49.ERR5727235	/mnt/scratch/users/2931382s/datasets/SC_EXP_26042_6#49.ERR5727235_1.fastq.gz	/mnt/scratch/users/2931382s/datasets/SC_EXP_26042_6#49.ERR5727235_2.fastq.gz
ERR5727236	SC_EXP_26042_6#50.ERR5727236	/mnt/scratch/users/2931382s/datasets/SC_EXP_26042_6#50.ERR5727236_1.fastq.gz	/mnt/scratch/users/2931382s/datasets/SC_EXP_26042_6#50.ERR5727236_2.fastq.gz
